TimeStep,x,u_numerical,u_analytical,error
0,0.0,0.0,0.0,0.0
0,0.0078125,0.049067674327418015,0.049067674327418015,0.0
0,0.015625,0.0980171403295606,0.0980171403295606,0.0
0,0.0234375,0.14673047445536175,0.14673047445536175,0.0
0,0.03125,0.19509032201612825,0.19509032201612825,0.0
0,0.0390625,0.24298017990326387,0.24298017990326387,0.0
0,0.046875,0.29028467725446233,0.29028467725446233,0.0
0,0.0546875,0.33688985339222005,0.33688985339222005,0.0
0,0.0625,0.3826834323650898,0.3826834323650898,0.0
0,0.0703125,0.4275550934302821,0.4275550934302821,0.0
0,0.078125,0.47139673682599764,0.47139673682599764,0.0
0,0.0859375,0.5141027441932217,0.5141027441932217,0.0
0,0.09375,0.5555702330196022,0.5555702330196022,0.0
0,0.1015625,0.5956993044924334,0.5956993044924334,0.0
0,0.109375,0.6343932841636455,0.6343932841636455,0.0
0,0.1171875,0.6715589548470183,0.6715589548470183,0.0
0,0.125,0.7071067811865476,0.7071067811865476,0.0
0,0.1328125,0.7409511253549591,0.7409511253549591,0.0
0,0.140625,0.7730104533627369,0.7730104533627369,0.0
0,0.1484375,0.8032075314806448,0.8032075314806448,0.0
0,0.15625,0.8314696123025452,0.8314696123025452,0.0
0,0.1640625,0.8577286100002721,0.8577286100002721,0.0
0,0.171875,0.8819212643483549,0.8819212643483549,0.0
0,0.1796875,0.9039892931234433,0.9039892931234433,0.0
0,0.1875,0.9238795325112867,0.9238795325112867,0.0
0,0.1953125,0.9415440651830208,0.9415440651830208,0.0
0,0.203125,0.9569403357322089,0.9569403357322089,0.0
0,0.2109375,0.970031253194544,0.970031253194544,0.0
0,0.21875,0.9807852804032304,0.9807852804032304,0.0
0,0.2265625,0.989176509964781,0.989176509964781,0.0
0,0.234375,0.9951847266721968,0.9951847266721968,0.0
0,0.2421875,0.9987954562051724,0.9987954562051724,0.0
0,0.25,1.0,1.0,0.0
0,0.2578125,0.9987954562051724,0.9987954562051724,0.0
0,0.265625,0.9951847266721969,0.9951847266721969,0.0
0,0.2734375,0.989176509964781,0.989176509964781,0.0
0,0.28125,0.9807852804032304,0.9807852804032304,0.0
0,0.2890625,0.970031253194544,0.970031253194544,0.0
0,0.296875,0.9569403357322089,0.9569403357322089,0.0
0,0.3046875,0.9415440651830208,0.9415440651830208,0.0
0,0.3125,0.9238795325112867,0.9238795325112867,0.0
0,0.3203125,0.9039892931234434,0.9039892931234434,0.0
0,0.328125,0.881921264348355,0.881921264348355,0.0
0,0.3359375,0.8577286100002721,0.8577286100002721,0.0
0,0.34375,0.8314696123025453,0.8314696123025453,0.0
0,0.3515625,0.8032075314806449,0.8032075314806449,0.0
0,0.359375,0.7730104533627371,0.7730104533627371,0.0
0,0.3671875,0.740951125354959,0.740951125354959,0.0
0,0.375,0.7071067811865476,0.7071067811865476,0.0
0,0.3828125,0.6715589548470186,0.6715589548470186,0.0
0,0.390625,0.6343932841636455,0.6343932841636455,0.0
0,0.3984375,0.5956993044924335,0.5956993044924335,0.0
0,0.40625,0.5555702330196022,0.5555702330196022,0.0
0,0.4140625,0.5141027441932218,0.5141027441932218,0.0
0,0.421875,0.4713967368259978,0.4713967368259978,0.0
0,0.4296875,0.42755509343028203,0.42755509343028203,0.0
0,0.4375,0.3826834323650899,0.3826834323650899,0.0
0,0.4453125,0.33688985339222033,0.33688985339222033,0.0
0,0.453125,0.2902846772544624,0.2902846772544624,0.0
0,0.4609375,0.24298017990326407,0.24298017990326407,0.0
0,0.46875,0.1950903220161286,0.1950903220161286,0.0
0,0.4765625,0.1467304744553618,0.1467304744553618,0.0
0,0.484375,0.09801714032956083,0.09801714032956083,0.0
0,0.4921875,0.049067674327417966,0.049067674327417966,0.0
0,0.5,1.2246467991473532e-16,1.2246467991473532e-16,0.0
0,0.5078125,-0.049067674327417724,-0.049067674327417724,0.0
0,0.515625,-0.09801714032956059,-0.09801714032956059,0.0
0,0.5234375,-0.14673047445536158,-0.14673047445536158,0.0
0,0.53125,-0.19509032201612836,-0.19509032201612836,0.0
0,0.5390625,-0.24298017990326382,-0.24298017990326382,0.0
0,0.546875,-0.2902846772544621,-0.2902846772544621,0.0
0,0.5546875,-0.3368898533922201,-0.3368898533922201,0.0
0,0.5625,-0.38268343236508967,-0.38268343236508967,0.0
0,0.5703125,-0.4275550934302818,-0.4275550934302818,0.0
0,0.578125,-0.47139673682599764,-0.47139673682599764,0.0
0,0.5859375,-0.5141027441932216,-0.5141027441932216,0.0
0,0.59375,-0.555570233019602,-0.555570233019602,0.0
0,0.6015625,-0.5956993044924332,-0.5956993044924332,0.0
0,0.609375,-0.6343932841636453,-0.6343932841636453,0.0
0,0.6171875,-0.6715589548470184,-0.6715589548470184,0.0
0,0.625,-0.7071067811865475,-0.7071067811865475,0.0
0,0.6328125,-0.7409511253549589,-0.7409511253549589,0.0
0,0.640625,-0.7730104533627367,-0.7730104533627367,0.0
0,0.6484375,-0.803207531480645,-0.803207531480645,0.0
0,0.65625,-0.8314696123025452,-0.8314696123025452,0.0
0,0.6640625,-0.857728610000272,-0.857728610000272,0.0
0,0.671875,-0.8819212643483549,-0.8819212643483549,0.0
0,0.6796875,-0.9039892931234431,-0.9039892931234431,0.0
0,0.6875,-0.9238795325112865,-0.9238795325112865,0.0
0,0.6953125,-0.9415440651830208,-0.9415440651830208,0.0
0,0.703125,-0.9569403357322088,-0.9569403357322088,0.0
0,0.7109375,-0.970031253194544,-0.970031253194544,0.0
0,0.71875,-0.9807852804032303,-0.9807852804032303,0.0
0,0.7265625,-0.9891765099647809,-0.9891765099647809,0.0
0,0.734375,-0.9951847266721969,-0.9951847266721969,0.0
0,0.7421875,-0.9987954562051724,-0.9987954562051724,0.0
0,0.75,-1.0,-1.0,0.0
0,0.7578125,-0.9987954562051724,-0.9987954562051724,0.0
0,0.765625,-0.9951847266721969,-0.9951847266721969,0.0
0,0.7734375,-0.9891765099647809,-0.9891765099647809,0.0
0,0.78125,-0.9807852804032304,-0.9807852804032304,0.0
0,0.7890625,-0.970031253194544,-0.970031253194544,0.0
0,0.796875,-0.9569403357322089,-0.9569403357322089,0.0
0,0.8046875,-0.9415440651830209,-0.9415440651830209,0.0
0,0.8125,-0.9238795325112866,-0.9238795325112866,0.0
0,0.8203125,-0.9039892931234433,-0.9039892931234433,0.0
0,0.828125,-0.881921264348355,-0.881921264348355,0.0
0,0.8359375,-0.8577286100002722,-0.8577286100002722,0.0
0,0.84375,-0.8314696123025455,-0.8314696123025455,0.0
0,0.8515625,-0.8032075314806453,-0.8032075314806453,0.0
0,0.859375,-0.7730104533627369,-0.7730104533627369,0.0
0,0.8671875,-0.7409511253549591,-0.7409511253549591,0.0
0,0.875,-0.7071067811865477,-0.7071067811865477,0.0
0,0.8828125,-0.6715589548470187,-0.6715589548470187,0.0
0,0.890625,-0.6343932841636459,-0.6343932841636459,0.0
0,0.8984375,-0.5956993044924332,-0.5956993044924332,0.0
0,0.90625,-0.5555702330196022,-0.5555702330196022,0.0
0,0.9140625,-0.5141027441932219,-0.5141027441932219,0.0
0,0.921875,-0.4713967368259979,-0.4713967368259979,0.0
0,0.9296875,-0.42755509343028253,-0.42755509343028253,0.0
0,0.9375,-0.3826834323650904,-0.3826834323650904,0.0
0,0.9453125,-0.33688985339222,-0.33688985339222,0.0
0,0.953125,-0.2902846772544625,-0.2902846772544625,0.0
0,0.9609375,-0.24298017990326418,-0.24298017990326418,0.0
0,0.96875,-0.19509032201612872,-0.19509032201612872,0.0
0,0.9765625,-0.1467304744553624,-0.1467304744553624,0.0
0,0.984375,-0.0980171403295605,-0.0980171403295605,0.0
0,0.9921875,-0.04906767432741809,-0.04906767432741809,0.0
100,0.0,-1.239186531165616e-16,0.0,8.25309944855152e-08
100,0.0078125,0.04716830539942949,0.047168299037048965,8.25309944855152e-08
100,0.015625,0.09422297821969626,0.09422296551026263,8.25309944855152e-08
100,0.0234375,0.14105065963247362,0.141050640606605,8.25309944855152e-08
100,0.03125,0.18753853765161768,0.18753851235514907,8.25309944855152e-08
100,0.0390625,0.23357461890712317,0.233574587400996,8.25309944855152e-08
100,0.046875,0.27904799844696104,0.2790479608070763,8.25309944855152e-08
100,0.0546875,0.3238491269168222,0.3238490832338577,8.25309944855152e-08
100,0.0625,0.3678700744741074,0.3678700248532992,8.25309944855152e-08
100,0.0703125,0.4110047908003715,0.4110047353612605,8.25309944855152e-08
100,0.078125,0.45314936058582955,0.45314929946197335,8.25309944855152e-08
100,0.0859375,0.49420225387044003,0.4942021872090914,8.25309944855152e-08
100,0.09375,0.5340645706384717,0.5340644986002236,8.25309944855152e-08
100,0.1015625,0.5726402790773036,0.5726402018357027,8.25309944855152e-08
100,0.109375,0.6098364469264738,0.6098363646676017,8.25309944855152e-08
100,0.1171875,0.6455634653596337,0.6455633782816594,8.25309944855152e-08
100,0.125,0.6797352648600612,0.6797351731727631,8.25309944855152e-08
100,0.1328125,0.7122695225696632,0.712269426493924,8.25309944855152e-08
100,0.140625,0.743087860611953,0.7430877603792274,8.25309944855152e-08
100,0.1484375,0.772116034911219,0.7721159307629767,8.25309944855152e-08
100,0.15625,0.7992841140530067,0.7992840062401498,8.25309944855152e-08
100,0.1640625,0.8245266477550206,0.8245265365372799,8.25309944855152e-08
100,0.171875,0.847782824542588,0.8477827101878965,8.25309944855152e-08
100,0.1796875,0.868996618248827,0.8689965010326753,8.25309944855152e-08
100,0.1875,0.8881169229865904,0.8881168031913624,8.25309944855152e-08
100,0.1953125,0.9050976762670241,0.9050975541813171,8.25309944855152e-08
100,0.203125,0.9198979699681371,0.9198978458860662,8.25309944855152e-08
100,0.2109375,0.9324821488860509,0.9324820231065405,8.25309944855152e-08
100,0.21875,0.9428198966315081,0.9428197694575723,8.25309944855152e-08
100,0.2265625,0.9508863086647104,0.9508861804027224,8.25309944855152e-08
100,0.234375,0.9566619522925355,0.9566618232514894,8.25309944855152e-08
100,0.2421875,0.9601329134835973,0.9601327839743645,8.25309944855152e-08
100,0.25,0.9612908303883663,0.9612907007229459,8.25309944855152e-08
100,0.2578125,0.9601329134835973,0.9601327839743645,8.25309944855152e-08
100,0.265625,0.9566619522925355,0.9566618232514895,8.25309944855152e-08
100,0.2734375,0.9508863086647105,0.9508861804027224,8.25309944855152e-08
100,0.28125,0.9428198966315082,0.9428197694575723,8.25309944855152e-08
100,0.2890625,0.932482148886051,0.9324820231065405,8.25309944855152e-08
100,0.296875,0.9198979699681372,0.9198978458860662,8.25309944855152e-08
100,0.3046875,0.9050976762670242,0.9050975541813171,8.25309944855152e-08
100,0.3125,0.8881169229865905,0.8881168031913624,8.25309944855152e-08
100,0.3203125,0.8689966182488271,0.8689965010326755,8.25309944855152e-08
100,0.328125,0.8477828245425881,0.8477827101878966,8.25309944855152e-08
100,0.3359375,0.8245266477550207,0.8245265365372799,8.25309944855152e-08
100,0.34375,0.7992841140530068,0.79928400624015,8.25309944855152e-08
100,0.3515625,0.7721160349112192,0.7721159307629768,8.25309944855152e-08
100,0.359375,0.7430878606119531,0.7430877603792276,8.25309944855152e-08
100,0.3671875,0.7122695225696634,0.7122694264939239,8.25309944855152e-08
100,0.375,0.6797352648600613,0.6797351731727631,8.25309944855152e-08
100,0.3828125,0.6455634653596338,0.6455633782816597,8.25309944855152e-08
100,0.390625,0.6098364469264739,0.6098363646676017,8.25309944855152e-08
100,0.3984375,0.5726402790773037,0.5726402018357029,8.25309944855152e-08
100,0.40625,0.5340645706384718,0.5340644986002236,8.25309944855152e-08
100,0.4140625,0.4942022538704402,0.49420218720909154,8.25309944855152e-08
100,0.421875,0.45314936058582966,0.4531492994619735,8.25309944855152e-08
100,0.4296875,0.4110047908003716,0.4110047353612604,8.25309944855152e-08
100,0.4375,0.3678700744741076,0.36787002485329934,8.25309944855152e-08
100,0.4453125,0.32384912691682244,0.32384908323385797,8.25309944855152e-08
100,0.453125,0.27904799844696127,0.27904796080707633,8.25309944855152e-08
100,0.4609375,0.23357461890712342,0.23357458740099615,8.25309944855152e-08
100,0.46875,0.18753853765161793,0.18753851235514943,8.25309944855152e-08
100,0.4765625,0.14105065963247385,0.14105064060660505,8.25309944855152e-08
100,0.484375,0.0942229782196965,0.09422296551026284,8.25309944855152e-08
100,0.4921875,0.047168305399429726,0.047168299037048916,8.25309944855152e-08
100,0.5,1.258752850463838e-16,1.1772415796904719e-16,8.25309944855152e-08
100,0.5078125,-0.047168305399429476,-0.04716829903704869,8.25309944855152e-08
100,0.515625,-0.09422297821969625,-0.09422296551026262,8.25309944855152e-08
100,0.5234375,-0.1410506596324736,-0.14105064060660485,8.25309944855152e-08
100,0.53125,-0.18753853765161768,-0.18753851235514918,8.25309944855152e-08
100,0.5390625,-0.23357461890712317,-0.23357458740099593,8.25309944855152e-08
100,0.546875,-0.27904799844696104,-0.27904796080707606,8.25309944855152e-08
100,0.5546875,-0.3238491269168222,-0.32384908323385775,8.25309944855152e-08
100,0.5625,-0.36787007447410736,-0.3678700248532991,8.25309944855152e-08
100,0.5703125,-0.41100479080037144,-0.4110047353612602,8.25309944855152e-08
100,0.578125,-0.45314936058582955,-0.45314929946197335,8.25309944855152e-08
100,0.5859375,-0.49420225387044003,-0.4942021872090913,8.25309944855152e-08
100,0.59375,-0.5340645706384717,-0.5340644986002235,8.25309944855152e-08
100,0.6015625,-0.5726402790773036,-0.5726402018357026,8.25309944855152e-08
100,0.609375,-0.6098364469264738,-0.6098363646676015,8.25309944855152e-08
100,0.6171875,-0.6455634653596337,-0.6455633782816596,8.25309944855152e-08
100,0.625,-0.6797352648600612,-0.679735173172763,8.25309944855152e-08
100,0.6328125,-0.7122695225696632,-0.7122694264939238,8.25309944855152e-08
100,0.640625,-0.743087860611953,-0.7430877603792272,8.25309944855152e-08
100,0.6484375,-0.772116034911219,-0.7721159307629769,8.25309944855152e-08
100,0.65625,-0.7992841140530067,-0.7992840062401498,8.25309944855152e-08
100,0.6640625,-0.8245266477550206,-0.8245265365372798,8.25309944855152e-08
100,0.671875,-0.847782824542588,-0.8477827101878965,8.25309944855152e-08
100,0.6796875,-0.868996618248827,-0.8689965010326751,8.25309944855152e-08
100,0.6875,-0.8881169229865904,-0.8881168031913622,8.25309944855152e-08
100,0.6953125,-0.905097676267024,-0.9050975541813171,8.25309944855152e-08
100,0.703125,-0.919897969968137,-0.919897845886066,8.25309944855152e-08
100,0.7109375,-0.9324821488860507,-0.9324820231065405,8.25309944855152e-08
100,0.71875,-0.942819896631508,-0.9428197694575722,8.25309944855152e-08
100,0.7265625,-0.9508863086647104,-0.9508861804027223,8.25309944855152e-08
100,0.734375,-0.9566619522925355,-0.9566618232514895,8.25309944855152e-08
100,0.7421875,-0.9601329134835973,-0.9601327839743645,8.25309944855152e-08
100,0.75,-0.9612908303883663,-0.9612907007229459,8.25309944855152e-08
100,0.7578125,-0.9601329134835973,-0.9601327839743645,8.25309944855152e-08
100,0.765625,-0.9566619522925355,-0.9566618232514895,8.25309944855152e-08
100,0.7734375,-0.9508863086647105,-0.9508861804027223,8.25309944855152e-08
100,0.78125,-0.9428198966315082,-0.9428197694575723,8.25309944855152e-08
100,0.7890625,-0.932482148886051,-0.9324820231065405,8.25309944855152e-08
100,0.796875,-0.9198979699681372,-0.9198978458860662,8.25309944855152e-08
100,0.8046875,-0.9050976762670242,-0.9050975541813172,8.25309944855152e-08
100,0.8125,-0.8881169229865906,-0.8881168031913623,8.25309944855152e-08
100,0.8203125,-0.8689966182488272,-0.8689965010326753,8.25309944855152e-08
100,0.828125,-0.8477828245425882,-0.8477827101878966,8.25309944855152e-08
100,0.8359375,-0.8245266477550208,-0.82452653653728,8.25309944855152e-08
100,0.84375,-0.7992841140530069,-0.7992840062401501,8.25309944855152e-08
100,0.8515625,-0.7721160349112193,-0.7721159307629771,8.25309944855152e-08
100,0.859375,-0.7430878606119532,-0.7430877603792274,8.25309944855152e-08
100,0.8671875,-0.7122695225696635,-0.712269426493924,8.25309944855152e-08
100,0.875,-0.6797352648600614,-0.6797351731727632,8.25309944855152e-08
100,0.8828125,-0.6455634653596339,-0.6455633782816598,8.25309944855152e-08
100,0.890625,-0.609836446926474,-0.6098363646676022,8.25309944855152e-08
100,0.8984375,-0.5726402790773039,-0.5726402018357026,8.25309944855152e-08
100,0.90625,-0.5340645706384719,-0.5340644986002236,8.25309944855152e-08
100,0.9140625,-0.4942022538704403,-0.49420218720909165,8.25309944855152e-08
100,0.921875,-0.45314936058582983,-0.45314929946197363,8.25309944855152e-08
100,0.9296875,-0.4110047908003717,-0.41100473536126086,8.25309944855152e-08
100,0.9375,-0.36787007447410763,-0.3678700248532998,8.25309944855152e-08
100,0.9453125,-0.32384912691682244,-0.32384908323385764,8.25309944855152e-08
100,0.953125,-0.27904799844696127,-0.27904796080707645,8.25309944855152e-08
100,0.9609375,-0.23357461890712344,-0.23357458740099626,8.25309944855152e-08
100,0.96875,-0.18753853765161796,-0.18753851235514954,8.25309944855152e-08
100,0.9765625,-0.14105065963247387,-0.1410506406066056,8.25309944855152e-08
100,0.984375,-0.09422297821969652,-0.09422296551026253,8.25309944855152e-08
100,0.9921875,-0.04716830539942974,-0.04716829903704904,8.25309944855152e-08
500,0.0,-1.54614099301398e-16,0.0,3.523758729059139e-07
500,0.0078125,0.04027814605664983,0.04027811889171104,3.523758729059139e-07
500,0.015625,0.08045925853150042,0.0804592042670654,3.523758729059139e-07
500,0.0234375,0.12044653760514991,0.12044645637194644,3.523758729059139e-07
500,0.03125,0.16014365041983789,0.16014354241356385,3.523758729059139e-07
500,0.0390625,0.19945496315373737,0.19945482863458935,3.523758729059139e-07
500,0.046875,0.238285771411208,0.23828561070325444,3.523758729059139e-07
500,0.0546875,0.27654252837398047,0.2765423418643809,3.523758729059139e-07
500,0.0625,0.3141330701636354,0.3141328583017078,3.523758729059139e-07
500,0.0703125,0.3509668378724588,0.350966601168597,3.523758729059139e-07
500,0.078125,0.3869550957277831,0.3869548347522275,3.523758729059139e-07
500,0.0859375,0.42201114486423574,0.4220108602456993,3.523758729059139e-07
500,0.09375,0.4560505321888998,0.4560502246130535,3.523758729059139e-07
500,0.1015625,0.4889912538362119,0.48899092404403294,3.523758729059139e-07
500,0.109375,0.5207539527224573,0.5207536015084439,3.523758729059139e-07
500,0.1171875,0.5512621097239351,0.5512617379341924,3.523758729059139e-07
500,0.125,0.5804422280182296,0.5804418365484322,3.523758729059139e-07
500,0.1328125,0.6082240101444938,0.6082235999377262,3.523758729059139e-07
500,0.140625,0.6345405273561885,0.6345400994006749,3.523758729059139e-07
500,0.1484375,0.6593283808582961,0.6593279361850188,3.523758729059139e-07
500,0.15625,0.6825278545405707,0.6825273942207866,3.523758729059139e-07
500,0.1640625,0.7040830588388776,0.7040825839815372,3.523758729059139e-07
500,0.171875,0.7239420653780491,0.7239415771271255,3.523758729059139e-07
500,0.1796875,0.7420570320718891,0.7420565316036215,3.523758729059139e-07
500,0.1875,0.7583843183789483,0.7583838068990085,3.523758729059139e-07
500,0.1953125,0.7728845904364116,0.7728840691769998,3.523758729059139e-07
500,0.203125,0.7855229158188187,0.7855223860356945,3.523758729059139e-07
500,0.2109375,0.7962688476933371,0.7962683106627941,3.523758729059139e-07
500,0.21875,0.8050964981688483,0.8050959551846404,3.523758729059139e-07
500,0.2265625,0.8119846006621461,0.8119840530323699,3.523758729059139e-07
500,0.234375,0.8169165611309975,0.8169160101749409,3.523758729059139e-07
500,0.2421875,0.8198804980506444,0.8198799450956089,3.523758729059139e-07
500,0.25,0.8208692710374372,0.8208687174155399,3.523758729059139e-07
500,0.2578125,0.8198804980506444,0.8198799450956089,3.523758729059139e-07
500,0.265625,0.8169165611309975,0.816916010174941,3.523758729059139e-07
500,0.2734375,0.8119846006621461,0.8119840530323699,3.523758729059139e-07
500,0.28125,0.8050964981688483,0.8050959551846404,3.523758729059139e-07
500,0.2890625,0.7962688476933372,0.7962683106627941,3.523758729059139e-07
500,0.296875,0.7855229158188188,0.7855223860356945,3.523758729059139e-07
500,0.3046875,0.7728845904364117,0.7728840691769998,3.523758729059139e-07
500,0.3125,0.7583843183789484,0.7583838068990085,3.523758729059139e-07
500,0.3203125,0.7420570320718892,0.7420565316036216,3.523758729059139e-07
500,0.328125,0.7239420653780492,0.7239415771271255,3.523758729059139e-07
500,0.3359375,0.7040830588388778,0.7040825839815372,3.523758729059139e-07
500,0.34375,0.682527854540571,0.6825273942207866,3.523758729059139e-07
500,0.3515625,0.6593283808582964,0.659327936185019,3.523758729059139e-07
500,0.359375,0.6345405273561887,0.634540099400675,3.523758729059139e-07
500,0.3671875,0.608224010144494,0.6082235999377261,3.523758729059139e-07
500,0.375,0.5804422280182299,0.5804418365484322,3.523758729059139e-07
500,0.3828125,0.5512621097239353,0.5512617379341926,3.523758729059139e-07
500,0.390625,0.5207539527224575,0.5207536015084439,3.523758729059139e-07
500,0.3984375,0.4889912538362121,0.48899092404403305,3.523758729059139e-07
500,0.40625,0.4560505321889,0.4560502246130535,3.523758729059139e-07
500,0.4140625,0.42201114486423597,0.42201086024569934,3.523758729059139e-07
500,0.421875,0.3869550957277833,0.38695483475222764,3.523758729059139e-07
500,0.4296875,0.350966837872459,0.35096660116859696,3.523758729059139e-07
500,0.4375,0.3141330701636357,0.31413285830170784,3.523758729059139e-07
500,0.4453125,0.27654252837398074,0.2765423418643812,3.523758729059139e-07
500,0.453125,0.23828577141120827,0.2382856107032545,3.523758729059139e-07
500,0.4609375,0.19945496315373765,0.19945482863458952,3.523758729059139e-07
500,0.46875,0.16014365041983816,0.16014354241356415,3.523758729059139e-07
500,0.4765625,0.12044653760515019,0.12044645637194648,3.523758729059139e-07
500,0.484375,0.08045925853150068,0.08045920426706558,3.523758729059139e-07
500,0.4921875,0.04027814605665009,0.040278118891711,3.523758729059139e-07
500,0.5,9.972731237041206e-17,1.0052742473031342e-16,3.523758729059139e-07
500,0.5078125,-0.04027814605664989,-0.040278118891710804,3.523758729059139e-07
500,0.515625,-0.08045925853150047,-0.08045920426706539,3.523758729059139e-07
500,0.5234375,-0.12044653760514996,-0.1204464563719463,3.523758729059139e-07
500,0.53125,-0.16014365041983794,-0.16014354241356396,3.523758729059139e-07
500,0.5390625,-0.19945496315373742,-0.19945482863458933,3.523758729059139e-07
500,0.546875,-0.23828577141120805,-0.23828561070325427,3.523758729059139e-07
500,0.5546875,-0.2765425283739805,-0.276542341864381,3.523758729059139e-07
500,0.5625,-0.31413307016363545,-0.3141328583017077,3.523758729059139e-07
500,0.5703125,-0.35096683787245886,-0.35096660116859674,3.523758729059139e-07
500,0.578125,-0.38695509572778314,-0.3869548347522275,3.523758729059139e-07
500,0.5859375,-0.4220111448642358,-0.42201086024569917,3.523758729059139e-07
500,0.59375,-0.45605053218889985,-0.4560502246130533,3.523758729059139e-07
500,0.6015625,-0.48899125383621195,-0.4889909240440328,3.523758729059139e-07
500,0.609375,-0.5207539527224573,-0.5207536015084436,3.523758729059139e-07
500,0.6171875,-0.5512621097239351,-0.5512617379341925,3.523758729059139e-07
500,0.625,-0.5804422280182296,-0.5804418365484321,3.523758729059139e-07
500,0.6328125,-0.6082240101444938,-0.608223599937726,3.523758729059139e-07
500,0.640625,-0.6345405273561885,-0.6345400994006747,3.523758729059139e-07
500,0.6484375,-0.6593283808582961,-0.659327936185019,3.523758729059139e-07
500,0.65625,-0.6825278545405707,-0.6825273942207866,3.523758729059139e-07
500,0.6640625,-0.7040830588388776,-0.7040825839815371,3.523758729059139e-07
500,0.671875,-0.7239420653780491,-0.7239415771271255,3.523758729059139e-07
500,0.6796875,-0.7420570320718891,-0.7420565316036213,3.523758729059139e-07
500,0.6875,-0.7583843183789483,-0.7583838068990084,3.523758729059139e-07
500,0.6953125,-0.7728845904364116,-0.7728840691769998,3.523758729059139e-07
500,0.703125,-0.7855229158188187,-0.7855223860356945,3.523758729059139e-07
500,0.7109375,-0.7962688476933371,-0.7962683106627941,3.523758729059139e-07
500,0.71875,-0.8050964981688483,-0.8050959551846404,3.523758729059139e-07
500,0.7265625,-0.8119846006621461,-0.8119840530323698,3.523758729059139e-07
500,0.734375,-0.8169165611309975,-0.816916010174941,3.523758729059139e-07
500,0.7421875,-0.8198804980506444,-0.8198799450956089,3.523758729059139e-07
500,0.75,-0.8208692710374372,-0.8208687174155399,3.523758729059139e-07
500,0.7578125,-0.8198804980506444,-0.8198799450956089,3.523758729059139e-07
500,0.765625,-0.8169165611309975,-0.816916010174941,3.523758729059139e-07
500,0.7734375,-0.8119846006621461,-0.8119840530323698,3.523758729059139e-07
500,0.78125,-0.8050964981688483,-0.8050959551846404,3.523758729059139e-07
500,0.7890625,-0.7962688476933372,-0.7962683106627941,3.523758729059139e-07
500,0.796875,-0.7855229158188188,-0.7855223860356945,3.523758729059139e-07
500,0.8046875,-0.7728845904364117,-0.7728840691769999,3.523758729059139e-07
500,0.8125,-0.7583843183789484,-0.7583838068990084,3.523758729059139e-07
500,0.8203125,-0.7420570320718892,-0.7420565316036215,3.523758729059139e-07
500,0.828125,-0.7239420653780492,-0.7239415771271255,3.523758729059139e-07
500,0.8359375,-0.7040830588388778,-0.7040825839815373,3.523758729059139e-07
500,0.84375,-0.682527854540571,-0.6825273942207867,3.523758729059139e-07
500,0.8515625,-0.6593283808582964,-0.6593279361850192,3.523758729059139e-07
500,0.859375,-0.6345405273561887,-0.6345400994006749,3.523758729059139e-07
500,0.8671875,-0.608224010144494,-0.6082235999377262,3.523758729059139e-07
500,0.875,-0.5804422280182299,-0.5804418365484322,3.523758729059139e-07
500,0.8828125,-0.5512621097239353,-0.5512617379341926,3.523758729059139e-07
500,0.890625,-0.5207539527224575,-0.5207536015084442,3.523758729059139e-07
500,0.8984375,-0.48899125383621217,-0.4889909240440328,3.523758729059139e-07
500,0.90625,-0.45605053218890007,-0.4560502246130535,3.523758729059139e-07
500,0.9140625,-0.422011144864236,-0.42201086024569945,3.523758729059139e-07
500,0.921875,-0.38695509572778336,-0.3869548347522277,3.523758729059139e-07
500,0.9296875,-0.3509668378724591,-0.35096660116859735,3.523758729059139e-07
500,0.9375,-0.31413307016363573,-0.3141328583017083,3.523758729059139e-07
500,0.9453125,-0.2765425283739808,-0.2765423418643809,3.523758729059139e-07
500,0.953125,-0.23828577141120832,-0.23828561070325457,3.523758729059139e-07
500,0.9609375,-0.1994549631537377,-0.1994548286345896,3.523758729059139e-07
500,0.96875,-0.16014365041983822,-0.16014354241356424,3.523758729059139e-07
500,0.9765625,-0.12044653760515024,-0.12044645637194697,3.523758729059139e-07
500,0.984375,-0.08045925853150074,-0.08045920426706532,3.523758729059139e-07
500,0.9921875,-0.040278146056650144,-0.0402781188917111,3.523758729059139e-07
1000,0.0,-1.3415046851150707e-16,0.0,5.785088566464196e-07
1000,0.0078125,0.03306309239226157,0.03306304779454947,5.785088566464196e-07
1000,0.015625,0.06604653289896546,0.06604644381098092,5.785088566464196e-07
1000,0.0234375,0.0988708615229227,0.09887072815928646,5.785088566464196e-07
1000,0.03125,0.13145700158140655,0.1314568242634033,5.785088566464196e-07
1000,0.0390625,0.16372645020880736,0.16372622936361167,5.785088566464196e-07
1000,0.046875,0.1956014674769118,0.19560120363655914,5.785088566464196e-07
1000,0.0546875,0.22700526367719923,0.22700495747730418,5.785088566464196e-07
1000,0.0625,0.2578621843139755,0.2578618364922004,5.785088566464196e-07
1000,0.0703125,0.28809789236267963,0.2880975037569576,5.785088566464196e-07
1000,0.078125,0.317639547354287,0.3176391189008032,5.785088566464196e-07
1000,0.0859375,0.34641598085437947,0.34641551358531586,5.785088566464196e-07
1000,0.09375,0.3743578679141374,0.3743573629551861,5.785088566464196e-07
1000,0.1015625,0.4013978940802136,0.401397352647865,5.785088566464196e-07
1000,0.109375,0.4274709175611474,0.4274703409597595,5.785088566464196e-07
1000,0.1171875,0.45251412615964615,0.45251351577830207,5.785088566464196e-07
1000,0.125,0.47646718859267,0.47646654590183196,5.785088566464196e-07
1000,0.1328125,0.49927239983477734,0.4992717263827438,5.785088566464196e-07
1000,0.140625,0.5208748201345853,0.5208741175437612,5.785088566464196e-07
1000,0.1484375,0.5412224073694432,0.5412216773324314,5.785088566464196e-07
1000,0.15625,0.560266142419464,0.5602653866949877,5.785088566464196e-07
1000,0.1640625,0.5779601472588781,0.5779593676675436,5.785088566464196e-07
1000,0.171875,0.5942617954802156,0.5942609939001267,5.785088566464196e-07
1000,0.1796875,0.6091318149850554,0.6091309933472888,5.785088566464196e-07
1000,0.1875,0.6225343825939507,0.6225335428779036,5.785088566464196e-07
1000,0.1953125,0.634437210347605,0.6344363545762273,5.785088566464196e-07
1000,0.203125,0.6448116232913956,0.6448107535263152,5.785088566464196e-07
1000,0.2109375,0.6536326285558494,0.6536317468924066,5.785088566464196e-07
1000,0.21875,0.6608789755666556,0.6608780841288548,5.785088566464196e-07
1000,0.2265625,0.6665332072391602,0.6665323081745532,5.785088566464196e-07
1000,0.234375,0.6705817020340118,0.6705807975085238,5.785088566464196e-07
1000,0.2421875,0.6730147067726433,0.6730137989653558,5.785088566464196e-07
1000,0.25,0.6738263601335334,0.6738254512314336,5.785088566464196e-07
1000,0.2578125,0.6730147067726433,0.6730137989653558,5.785088566464196e-07
1000,0.265625,0.6705817020340118,0.670580797508524,5.785088566464196e-07
1000,0.2734375,0.6665332072391602,0.6665323081745532,5.785088566464196e-07
1000,0.28125,0.6608789755666558,0.6608780841288548,5.785088566464196e-07
1000,0.2890625,0.6536326285558495,0.6536317468924066,5.785088566464196e-07
1000,0.296875,0.6448116232913956,0.6448107535263152,5.785088566464196e-07
1000,0.3046875,0.634437210347605,0.6344363545762273,5.785088566464196e-07
1000,0.3125,0.6225343825939507,0.6225335428779036,5.785088566464196e-07
1000,0.3203125,0.6091318149850555,0.6091309933472889,5.785088566464196e-07
1000,0.328125,0.5942617954802157,0.5942609939001268,5.785088566464196e-07
1000,0.3359375,0.5779601472588782,0.5779593676675436,5.785088566464196e-07
1000,0.34375,0.5602661424194642,0.5602653866949877,5.785088566464196e-07
1000,0.3515625,0.5412224073694433,0.5412216773324314,5.785088566464196e-07
1000,0.359375,0.5208748201345854,0.5208741175437613,5.785088566464196e-07
1000,0.3671875,0.49927239983477745,0.49927172638274375,5.785088566464196e-07
1000,0.375,0.47646718859267007,0.47646654590183196,5.785088566464196e-07
1000,0.3828125,0.4525141261596462,0.4525135157783022,5.785088566464196e-07
1000,0.390625,0.4274709175611475,0.4274703409597595,5.785088566464196e-07
1000,0.3984375,0.4013978940802137,0.40139735264786514,5.785088566464196e-07
1000,0.40625,0.3743578679141375,0.3743573629551861,5.785088566464196e-07
1000,0.4140625,0.3464159808543796,0.3464155135853159,5.785088566464196e-07
1000,0.421875,0.3176395473542871,0.3176391189008033,5.785088566464196e-07
1000,0.4296875,0.2880978923626798,0.28809750375695753,5.785088566464196e-07
1000,0.4375,0.2578621843139757,0.25786183649220046,5.785088566464196e-07
1000,0.4453125,0.2270052636771994,0.22700495747730437,5.785088566464196e-07
1000,0.453125,0.19560146747691196,0.19560120363655917,5.785088566464196e-07
1000,0.4609375,0.16372645020880752,0.1637262293636118,5.785088566464196e-07
1000,0.46875,0.13145700158140675,0.13145682426340355,5.785088566464196e-07
1000,0.4765625,0.0988708615229229,0.0988707281592865,5.785088566464196e-07
1000,0.484375,0.06604653289896567,0.06604644381098107,5.785088566464196e-07
1000,0.4921875,0.0330630923922618,0.03306304779454944,5.785088566464196e-07
1000,0.5,9.290610210711508e-17,8.25198182034596e-17,5.785088566464196e-07
1000,0.5078125,-0.033063092392261614,-0.03306304779454928,5.785088566464196e-07
1000,0.515625,-0.0660465328989655,-0.0660464438109809,5.785088566464196e-07
1000,0.5234375,-0.09887086152292274,-0.09887072815928635,5.785088566464196e-07
1000,0.53125,-0.1314570015814066,-0.13145682426340335,5.785088566464196e-07
1000,0.5390625,-0.1637264502088074,-0.16372622936361164,5.785088566464196e-07
1000,0.546875,-0.19560146747691184,-0.195601203636559,5.785088566464196e-07
1000,0.5546875,-0.22700526367719928,-0.2270049574773042,5.785088566464196e-07
1000,0.5625,-0.25786218431397556,-0.25786183649220035,5.785088566464196e-07
1000,0.5703125,-0.2880978923626797,-0.28809750375695736,5.785088566464196e-07
1000,0.578125,-0.31763954735428707,-0.3176391189008032,5.785088566464196e-07
1000,0.5859375,-0.3464159808543795,-0.34641551358531575,5.785088566464196e-07
1000,0.59375,-0.37435786791413744,-0.37435736295518596,5.785088566464196e-07
1000,0.6015625,-0.40139789408021365,-0.40139735264786497,5.785088566464196e-07
1000,0.609375,-0.42747091756114747,-0.42747034095975933,5.785088566464196e-07
1000,0.6171875,-0.45251412615964615,-0.4525135157783021,5.785088566464196e-07
1000,0.625,-0.47646718859267,-0.4764665459018319,5.785088566464196e-07
1000,0.6328125,-0.49927239983477734,-0.49927172638274364,5.785088566464196e-07
1000,0.640625,-0.5208748201345853,-0.520874117543761,5.785088566464196e-07
1000,0.6484375,-0.5412224073694432,-0.5412216773324315,5.785088566464196e-07
1000,0.65625,-0.560266142419464,-0.5602653866949877,5.785088566464196e-07
1000,0.6640625,-0.5779601472588781,-0.5779593676675436,5.785088566464196e-07
1000,0.671875,-0.5942617954802156,-0.5942609939001267,5.785088566464196e-07
1000,0.6796875,-0.6091318149850554,-0.6091309933472887,5.785088566464196e-07
1000,0.6875,-0.6225343825939507,-0.6225335428779035,5.785088566464196e-07
1000,0.6953125,-0.634437210347605,-0.6344363545762273,5.785088566464196e-07
1000,0.703125,-0.6448116232913956,-0.6448107535263151,5.785088566464196e-07
1000,0.7109375,-0.6536326285558494,-0.6536317468924066,5.785088566464196e-07
1000,0.71875,-0.6608789755666556,-0.6608780841288547,5.785088566464196e-07
1000,0.7265625,-0.6665332072391602,-0.6665323081745531,5.785088566464196e-07
1000,0.734375,-0.6705817020340118,-0.670580797508524,5.785088566464196e-07
1000,0.7421875,-0.6730147067726433,-0.6730137989653558,5.785088566464196e-07
1000,0.75,-0.6738263601335334,-0.6738254512314336,5.785088566464196e-07
1000,0.7578125,-0.6730147067726433,-0.6730137989653558,5.785088566464196e-07
1000,0.765625,-0.6705817020340118,-0.670580797508524,5.785088566464196e-07
1000,0.7734375,-0.6665332072391603,-0.6665323081745531,5.785088566464196e-07
1000,0.78125,-0.6608789755666559,-0.6608780841288548,5.785088566464196e-07
1000,0.7890625,-0.6536326285558496,-0.6536317468924066,5.785088566464196e-07
1000,0.796875,-0.6448116232913957,-0.6448107535263152,5.785088566464196e-07
1000,0.8046875,-0.6344372103476051,-0.6344363545762274,5.785088566464196e-07
1000,0.8125,-0.6225343825939508,-0.6225335428779036,5.785088566464196e-07
1000,0.8203125,-0.6091318149850556,-0.6091309933472888,5.785088566464196e-07
1000,0.828125,-0.5942617954802158,-0.5942609939001268,5.785088566464196e-07
1000,0.8359375,-0.5779601472588783,-0.5779593676675437,5.785088566464196e-07
1000,0.84375,-0.5602661424194643,-0.5602653866949878,5.785088566464196e-07
1000,0.8515625,-0.5412224073694434,-0.5412216773324316,5.785088566464196e-07
1000,0.859375,-0.5208748201345856,-0.5208741175437612,5.785088566464196e-07
1000,0.8671875,-0.49927239983477756,-0.4992717263827438,5.785088566464196e-07
1000,0.875,-0.4764671885926702,-0.4764665459018321,5.785088566464196e-07
1000,0.8828125,-0.4525141261596463,-0.4525135157783023,5.785088566464196e-07
1000,0.890625,-0.42747091756114763,-0.4274703409597598,5.785088566464196e-07
1000,0.8984375,-0.4013978940802138,-0.40139735264786497,5.785088566464196e-07
1000,0.90625,-0.3743578679141376,-0.3743573629551861,5.785088566464196e-07
1000,0.9140625,-0.3464159808543797,-0.34641551358531597,5.785088566464196e-07
1000,0.921875,-0.31763954735428723,-0.3176391189008034,5.785088566464196e-07
1000,0.9296875,-0.2880978923626799,-0.28809750375695786,5.785088566464196e-07
1000,0.9375,-0.2578621843139758,-0.25786183649220085,5.785088566464196e-07
1000,0.9453125,-0.22700526367719948,-0.22700495747730415,5.785088566464196e-07
1000,0.953125,-0.19560146747691204,-0.19560120363655925,5.785088566464196e-07
1000,0.9609375,-0.1637264502088076,-0.1637262293636119,5.785088566464196e-07
1000,0.96875,-0.1314570015814068,-0.1314568242634036,5.785088566464196e-07
1000,0.9765625,-0.09887086152292295,-0.0988707281592869,5.785088566464196e-07
1000,0.984375,-0.06604653289896571,-0.06604644381098085,5.785088566464196e-07
1000,0.9921875,-0.03306309239226184,-0.03306304779454952,5.785088566464196e-07
